AMP,RMS,ZCR,SC,SBW,SF,DF,HR,ENT,SNR,Lithology
1.28,1.34,15.18,2.59,4.74,0.49,2.29,1.04,0.8,5.84,0
4.44,1.96,14.99,4.66,8.77,0.14,5.43,1.04,0.72,19.04,6
0.18,0.6,25.78,2.15,4.86,0.3,2.77,0.93,0.55,7.3,3
0.81,1.24,29.82,2.41,4.88,0.45,2.63,0.71,0.64,12.4,4
1.73,3.32,14.06,4.36,3.99,0.13,4,1.04,0.82,21.93,2
2.12,2.57,13.43,3.02,7.29,0.21,4.99,1.2,0.57,18.62,2
0.17,0.92,38.56,2.38,4.02,0.54,1.31,0.78,0.7,7.95,1
1,1.06,50.78,2.7,4.29,0.38,1.23,0.88,1.25,17.15,1
0.77,0.88,43.64,2.06,4.48,0.35,2.25,0.81,1,9.11,3
2.5,1.14,19.59,4.23,5.3,0.29,3.98,1.08,0.53,23.46,2
1.8,0.57,26.52,2.41,2.76,0.2,2.06,0.83,0.65,11.89,7
0.68,1.27,38.75,2.61,2.93,0.41,2.61,0.79,0.61,13.3,7
4.3,3,15.53,4.46,4.36,0.13,5.82,1.18,0.23,23.66,6
0.72,0.07,32.75,2.01,2.4,0.27,1.87,0.93,0.75,7.48,3
4.72,1.74,23.49,4.15,7.1,0.14,5.23,1.28,0.52,17.4,6
3.37,3.25,13.06,4.64,8.01,0.25,5.39,1.11,0.55,29.63,6
1.26,1.16,21.14,3.36,4.83,0.28,2.3,0.95,0.51,14.39,0
1.03,1.08,42.9,3.02,2.93,0.23,3.15,0.81,1,8.72,0
2.63,1.91,34.93,3.91,4.88,0.34,2.71,0.8,0.68,18.03,5
1.33,0.74,23.04,2,4.77,0.3,2.91,0.79,0.75,9.76,7
0.51,0.57,49.45,2.68,3.55,0.56,2.03,0.98,1.46,15.26,1
1.01,0.6,26.34,2.82,2.64,0.3,3,1.07,0.74,8.66,0
3.26,1.72,27.71,3.58,6.2,0.27,3.41,1.13,0.31,19.14,5
0.89,0.52,58.13,1.81,7.57,0.51,1.96,0.53,0.75,15.77,1
3.18,3.7,11.01,4.83,8.19,0.12,5.64,1.14,0.26,18.03,6
0.77,1.27,44.21,3.36,3.44,0.38,2.11,0.81,0.56,13.75,7
2.99,1.02,10.65,3.05,4.52,0.46,3.81,0.89,0.9,14.03,5
3.47,1.98,12.85,3.4,6.89,0.2,3.14,0.86,0.44,14,5
0.66,0.24,51.21,2.19,7.08,0.35,1.33,0.73,1.4,14.76,1
0.56,0.67,49.09,3.04,3,0.5,1.88,0.87,0.69,6.18,4
1.33,1.06,23.56,2.81,5.93,0.27,3.37,0.71,0.76,14.12,7
1.83,2.14,30.94,3.2,5.41,0.27,4.34,1.01,0.88,12.8,2
2.21,2.31,27.74,3.14,3.09,0.21,4.69,1.03,0.33,13.78,2
3.4,1.56,34.41,3.41,4.15,0.46,3.68,0.92,0.58,15.94,5
1.63,0.61,27.4,3.2,4.18,0.48,3.88,1.09,0.86,13.61,0
0.07,0.36,60.71,2.95,5.6,0.48,2.85,0.9,1.46,8.01,1
2.68,1.89,20.21,4.12,7.1,0.11,5.03,1.26,0.44,24.38,6
1.75,0.35,22.68,2.83,5.54,0.47,1.74,0.59,1.05,7.07,4
2.06,3.9,21.4,4.66,3.67,0.2,4.72,1.2,0.25,15.18,6
1.07,0.94,29.09,2.57,2.62,0.41,2.81,1.18,1.04,7.3,0
0.32,0.01,55.66,1.59,3.91,0.56,1.51,0.84,1.26,19.17,1
1.84,0.96,25.54,2.67,3.86,0.48,3.03,0.86,0.61,12.36,7
1.52,0.56,32.23,3.04,3.89,0.47,2.26,1.06,0.88,8.73,0
0.26,1,40.95,2.2,6.09,0.31,1.57,0.71,1.33,10.33,1
4.39,4.4,18.16,4.99,7.74,0.23,4.58,1.2,0.71,27.9,6
0.86,1.3,39.08,2.97,2.69,0.4,2.35,1.03,0.5,11.24,0
2.94,1.81,32.03,3.15,3.66,0.42,2.51,0.91,0.46,19.37,5
1.11,0.53,42.45,2.43,5.01,0.34,2.19,0.63,0.66,7.15,1
1.95,2.39,23.51,3.93,4.52,0.28,2.71,0.97,0.54,15.62,5
1,0.85,53.82,2.09,6.43,0.62,2.11,0.62,1.34,19.95,1
2.53,1.56,15.33,3.69,5.71,0.42,3.6,0.84,0.38,10.27,5
2.31,2.08,15.38,3.84,3.62,0.28,4.95,1.12,0.7,18.89,2
0.79,0.43,53.85,2.69,3.21,0.69,1.51,0.66,1.13,10.3,4
2.83,2.18,16.84,4.75,8.23,0.21,5.39,1.16,0.73,25.86,6
1.42,0.52,37.25,3.33,6.89,0.33,2.28,0.67,0.65,8.78,4
2.5,1.73,28.1,3.25,4.42,0.16,3.85,0.96,0.36,18.19,2
1.59,1.63,22.64,3.27,3.19,0.12,4.03,1.09,0.47,19.4,2
1.4,1.08,27.74,2.51,3.99,0.36,2.6,0.66,0.87,8.07,4
1.9,1.44,27.85,2.6,5.45,0.34,4.41,0.81,0.92,15.96,5
2.01,1.95,34.76,3.43,3.9,0.36,3.7,1.13,0.89,13.86,5
0.49,0.98,35.21,2.31,3.93,0.7,2.85,0.62,1.46,11.09,1
4.2,2.09,16.74,4.27,4.35,0.28,4.8,1.27,0.78,19.19,6
2.37,2.49,26.47,2.51,5.52,0.21,3.45,0.92,0.6,14.94,5
2.02,2.58,27.85,3.17,3.29,0.23,4.75,1,0.85,13.21,2
3.44,1.6,25,3.78,4.07,0.45,2.99,1.11,0.78,12.95,5
0.44,0.63,20.37,3.39,3.78,0.44,2.64,0.78,1.18,12.22,4
4.3,1.64,8.5,4.21,8.58,0.24,5.65,1.21,0.44,26.17,6
1.12,0.72,52.48,2.48,4.65,0.6,2.21,0.75,0.7,6.18,4
0.61,0.38,39.34,2.84,7.6,0.41,1.71,0.93,1.15,19.92,1
1.73,0.6,24.73,2.99,3.04,0.23,3.23,1.01,0.95,6.38,0
0.83,0.92,60.73,1.67,4.29,0.67,2.91,0.84,1.17,12.69,1
0.76,1.04,27.16,2.25,3.26,0.66,2.19,0.89,1.18,6.9,4
2.13,1.31,26.55,4.05,2.91,0.28,4.61,1.03,0.64,22.16,2
0.22,0.4,47.95,1.73,4.09,0.48,1.92,0.83,1.5,10.67,1
1.01,0.76,16.48,3.22,5.11,0.25,2.06,0.95,0.6,6.25,7
0.69,1.21,50.41,2.15,3.79,0.66,2.38,0.61,0.94,7.92,4
2.76,3.28,11.11,3.52,6.81,0.26,3.76,1.14,0.35,14.09,2
0.7,1.07,46.14,2.5,2.33,0.32,2.8,0.94,0.61,6.69,3
1.57,0.77,25.14,3.11,4.42,0.3,2.28,0.89,1.13,8.83,0
2.98,3.04,10.46,4.75,3.52,0.19,4.91,1.12,0.65,17.27,6
0.76,0.13,39.99,2.2,3.06,0.37,2.04,0.95,0.49,5.71,3
2.52,3.16,28.87,3.86,2.68,0.23,4.72,0.93,0.45,20.24,2
2.26,0.74,16.22,3.01,4.36,0.23,2.28,0.97,0.83,10.64,7
0.56,0.97,40.69,2.18,5.1,0.25,2.32,0.94,0.6,9.05,3
1.09,1.31,37.22,3,3.76,0.29,2.47,1.07,1.14,13.56,0
3.93,2.17,14.99,4.77,8.39,0.15,4.31,1.02,0.51,26.65,6
0.76,1.2,41.86,2.27,3.91,0.6,1.94,0.84,1.37,12,1
1.11,0.97,39.03,3.2,5.25,0.23,3.38,0.94,1.14,8.35,0
2.12,3.33,14.97,4.21,6.9,0.28,3.59,1.09,0.7,21.78,2
1.82,2.71,12.01,3.07,4.2,0.28,4.08,1.18,0.85,12.65,2
2.67,2,6.41,4.56,5.75,0.11,5.08,1.11,0.66,15.73,6
2.72,2.81,15.72,3.2,4.86,0.23,3.44,1.1,0.67,13.21,2
0.56,0.8,49.17,2.07,8.37,0.66,2.38,0.96,0.84,17.11,1
3.12,2.81,5.38,4.24,6.55,0.26,5.85,1.16,0.66,23.03,6
1.75,0.97,38.65,3.3,5.23,0.31,2.11,0.87,0.86,7.24,4
2.08,2.69,34.6,4.12,2.56,0.26,3.62,0.91,0.57,15.96,2
2.1,4.25,5.16,4.1,6.3,0.15,5.62,1.09,0.64,21.34,6
0.98,0.72,39.99,2.2,5.34,0.37,1.53,0.72,0.44,13.09,3
2.91,1.81,25.05,3.58,5.23,0.27,3.25,1.02,0.99,13.87,5
2.04,2.69,13.5,3.18,6.04,0.22,2.55,1.03,0.66,11.87,5
1.99,0.84,28.39,2.97,4.03,0.42,2.07,1.08,1.01,8.69,0
0.89,0.01,64.51,2.89,6.8,0.5,2.35,0.69,1.08,12.17,1
1.1,0.22,37.08,1.75,2.19,0.3,2.26,0.95,0.46,7.87,3
0.44,0.18,49.38,1.71,3.27,0.22,1.66,0.97,0.85,13.7,3
1.36,1.12,38.83,2.9,3.3,0.43,3.47,0.92,1.06,12.2,0
1.83,0.6,21.15,2.86,5.09,0.5,3.18,0.91,0.77,6.26,7
2.59,2.91,30.33,2.69,7.66,0.23,3.01,1.2,0.93,11.97,5
2.24,1.83,27.65,3.24,4.83,0.26,3.43,1.18,0.83,19.76,2
2.88,1.59,18.66,4.82,7.52,0.29,4.29,1.04,0.67,23.52,6
0.48,0.55,43.75,1.64,3.03,0.33,2.19,0.9,0.64,11.73,3
2.02,1.09,30.9,2.34,2.81,0.37,2.64,0.83,1.11,13.41,7
0.49,0.06,39.54,2.04,5.38,0.69,1.29,0.97,1.04,11.39,1
2.44,2.96,34.25,3.51,4.22,0.19,4.93,0.95,0.78,11.16,2
1.75,0.43,36.65,3.26,2.15,0.42,2.39,0.97,0.69,7.16,0
0.6,0.73,33.65,3.05,5.75,0.48,2.26,0.86,0.62,13.53,0
2.57,2.06,18.6,3.1,7.28,0.25,4.96,0.94,0.47,16.56,2
0.52,0.55,39.79,3.26,5.99,0.45,3.51,1.18,1,13.07,0
0.86,1.17,39.17,2.85,4.3,0.23,2.72,1.01,0.53,9.67,0
1.45,1.02,48.73,2.5,6.57,0.6,1.63,0.93,1.33,5.08,1
1.66,0.36,32.28,3.16,3.54,0.34,2.91,0.64,1.23,14.35,4
1.96,0.46,23.32,2.79,5.07,0.48,3.16,0.87,0.67,7.33,7
1.64,2.56,16.4,3.87,3.58,0.2,4.02,0.91,0.39,22.4,2
0.6,0.01,66.84,2.15,4.07,0.41,1.96,0.82,0.94,11.38,1
1.44,1.03,34.44,3.2,4.97,0.33,1.76,0.63,1.04,14.28,4
1.73,2.32,13.6,3.86,6.9,0.25,3.99,0.96,0.46,12.1,2
1.25,0.72,22.02,2.1,3.64,0.45,2.71,0.8,0.56,11.47,7
0.83,0.61,24.81,3.26,4.18,0.37,3.64,1.14,0.58,11.63,0
2.06,0.94,24.64,2.91,5.66,0.41,2.14,0.92,1.17,7.85,7
2.95,1.64,8.25,4.02,4.75,0.15,5.99,1.05,0.52,26.43,6
0.91,1.37,38.82,2.61,3.84,0.28,2.66,0.91,0.83,8.37,0
4.44,2.37,24.25,4.7,8.49,0.11,5.04,1,0.22,23.44,6
1.19,0.98,29.42,3.08,3.38,0.69,2.64,0.61,0.73,7.93,4
0.61,1.33,28.24,2.53,4.92,0.29,3.97,0.87,0.57,12.27,0
0.38,0.37,40.34,2,5.3,0.28,1.71,0.8,0.79,5.6,3
1.41,0.12,42.22,2.24,5.01,0.7,2.35,0.84,1.23,14.48,1
1.95,0.55,42.37,3.17,2.01,0.48,3.15,0.88,0.54,13.58,0
2.89,1.94,12.49,4.17,6.94,0.27,4.58,0.98,0.37,22.14,2
1.13,0.22,49.6,1.65,2.64,0.33,3.34,0.93,0.46,7.33,3
1.19,1.21,25,2.86,5.51,0.65,1.85,0.65,0.75,12.68,4
0.73,1.23,28.22,3.31,5.49,0.26,3.33,1.16,0.56,10.59,0
3.24,1.04,34.36,2.96,5.58,0.48,3.44,1.12,0.3,19.95,5
1.75,2.38,24.92,3.68,7.61,0.32,3.79,0.84,0.44,11.17,5
1.4,1.33,39.95,2.75,6.05,0.69,2.84,0.83,0.6,8.56,4
1.39,0.48,20.2,3.33,4.8,0.5,2.75,1.05,0.57,13.25,0
0.58,1.06,25.58,1.64,3.66,0.33,3.37,0.91,0.53,7.87,3
4.69,2.4,9.19,4.04,3.99,0.26,4.43,1.22,0.76,24.23,6
1.01,0.79,29.19,1.57,2.86,0.31,1.91,0.99,0.71,7.19,3
1.12,0.69,18,2.72,2.42,0.37,3.76,0.9,0.65,5.52,0
0.76,0.51,54.85,2.92,3.67,0.43,2.36,0.7,1.16,13.63,4
0.97,0.64,36.42,3.23,3.96,0.28,3.88,0.84,1,13.03,0
1.55,2.52,20.47,3.43,4.56,0.46,3.16,1.1,0.7,17.31,5
0.89,1.46,20.2,2.88,4.01,0.35,3.3,1.02,0.92,5.06,0
1.05,1.37,43.72,3.26,3.34,0.6,2.92,0.62,1.19,13.04,4
1.72,2.34,20.81,3.13,4.76,0.16,3.43,1.16,0.37,19.63,2
2.5,1.12,29.39,3.32,5.11,0.36,3.51,0.99,0.86,15.93,5
1.97,0.85,36.6,3.47,4.86,0.32,3.37,0.97,0.7,14.68,7
2.8,1.14,16.25,4.33,5.22,0.18,3.07,1.12,0.88,12.78,2
0.76,1.23,34.22,2.09,4.44,0.33,1.81,0.7,1.26,7.93,4
0.76,1.46,50.01,2.74,3.8,0.61,2.25,0.83,1.18,10.47,4
0.72,0.94,44.67,2.96,3.89,0.49,3.48,1.16,0.64,9.65,0
2.3,1.99,21.29,3.86,6.43,0.23,3.73,1.12,0.96,14.1,5
0.98,0.41,40.5,2.25,7.74,0.67,1.26,0.84,1.39,12.27,1
1.52,3.32,22.71,3.22,2.97,0.27,3.27,1,0.58,11.18,2
0.11,0.73,32.15,1.92,4.29,0.26,2.36,0.9,0.88,14.75,3
0.12,0.96,39.66,2.48,4.48,0.32,3.06,0.88,0.84,14.26,3
3.87,4.15,20.83,4.27,6.75,0.16,4.43,1.01,0.67,28.15,6
1.72,1.04,15.52,3.14,5.83,0.35,3.41,0.85,0.87,12.35,0
2.54,2.69,17.01,4.38,3.74,0.14,3.92,1.04,0.31,14.69,2
0.19,0.76,42.26,1.55,4.14,0.26,2.08,0.94,0.97,11.45,3
1.07,0.82,30.25,2.16,5.17,0.37,3.01,0.83,0.63,14.84,3
1.87,1.2,18.9,3.19,5.5,0.47,3.04,0.91,0.85,12.73,7
2.9,2.64,17.4,4.52,5.01,0.29,4.89,1.18,0.3,20.56,6
1.03,0.7,30.41,1.91,3.53,0.2,2.12,0.8,0.62,11.99,3
2.52,3.09,28.94,4.11,3.98,0.27,3.7,1.11,0.3,23.35,2
1.28,1.02,38.91,2.81,5.89,0.52,2.23,0.87,0.79,19,1
4.36,2.25,21.6,4.48,8.13,0.27,5.01,1.28,0.53,24.86,6
0.83,0.59,51.81,1.68,7.08,0.41,2.5,0.55,0.74,11.39,1
1.74,0.93,37.01,3.22,5.53,0.26,3.15,0.74,0.67,13.57,7
0.1,0.38,57.77,2.26,4.99,0.51,1.62,0.64,1.06,10.3,1
1.54,1.17,49.88,3.44,5.61,0.31,2.35,0.52,0.76,11.92,4
1.11,1.06,40.3,2.84,6.5,0.46,1.63,0.6,0.81,7.26,4
4.34,3.32,23.5,4.78,8.96,0.23,4.45,1.21,0.29,20.18,6
1.26,0.67,17.27,2.69,3.28,0.21,2.11,0.94,1.18,7.82,0
0.47,0.2,52.79,2.46,6.2,0.37,1.58,0.7,1.47,17,1
2.98,2.29,12.61,2.85,7.99,0.4,3.61,1.16,0.4,17.83,5
1.4,0.71,51.42,2.07,6.5,0.57,1.83,0.51,1.07,6.3,4
1.72,0.49,54.98,2.72,3.18,0.47,1.76,0.64,0.9,6.28,4
2.85,1.85,15.92,2.67,5.86,0.31,4.21,1,0.68,12.81,5
3.09,1.2,15.7,3,3.46,0.44,4.12,0.95,0.31,10.78,5
0.83,0.85,32.64,2.49,2.36,0.4,3.03,0.99,0.9,14.69,3
4.91,3.36,16.87,4.55,3.98,0.17,5.97,1.14,0.74,28.01,6
4.87,4.41,17.16,4.31,7.14,0.29,5.8,1.21,0.68,21.93,6
1.71,1.52,19.78,2.68,6.25,0.38,2.57,1.02,0.43,18.43,5
2.57,3.31,15.99,3.52,5.16,0.3,3.79,0.97,0.42,24.7,2
0.68,0.36,52.42,1.73,4.14,0.57,2.91,0.55,1.11,16.9,1
0.62,0.78,27.04,2.04,5.28,0.31,2.75,0.75,0.87,13.98,3
0.73,0.91,29.53,1.83,3.32,0.24,2.94,0.96,0.71,6.5,3
2.13,0.59,39.5,3.21,4.62,0.37,2.71,0.89,0.78,14.73,7
0.78,0.86,28.61,2.69,3,0.25,2.79,0.81,0.74,10.09,7
1.63,0.55,30.71,3.28,5.75,0.61,2.9,0.51,1.01,12.47,4
0.64,1.25,27.71,2.62,5.38,0.48,2.07,1,0.8,9.75,0
1.72,2.44,24.23,2.86,4.56,0.41,2.74,0.88,0.78,15.77,5
0.17,0.34,52.61,1.83,8.38,0.51,1.78,0.78,0.76,8.08,1
1.14,1.12,24.31,3.08,5.44,0.35,3.35,1.18,0.7,10.51,0
0.61,0.8,34.81,3.2,2.57,0.21,2.8,1,1.19,11.42,0
1.99,0.99,34.3,3,2.41,0.27,3.35,0.85,0.87,8.71,0
0.18,0.37,44.37,1.51,3.67,0.38,2.33,0.76,0.98,10.43,3
4.8,3.99,7.02,4.91,4.03,0.27,5.85,1.08,0.56,21.25,6
1.69,3.05,26.44,4.24,4.9,0.13,4.85,0.94,0.76,14.13,2
0.76,1.29,43,2.85,2.01,0.39,2.4,0.81,0.63,6.73,0
0.82,0.32,51.77,3.49,3.65,0.38,1.75,0.78,0.51,12.79,4
0.04,0.69,41.5,1.57,2.28,0.26,1.95,0.88,0.77,13.9,3
1.51,1.07,44.72,3.49,5.54,0.4,3.27,0.85,1.17,9.06,0
1.8,1.07,16.02,2.91,2.69,0.2,3.33,0.78,0.74,6.43,7
2.24,2.29,21.64,4.59,6.08,0.26,4.64,1.15,0.54,23.19,6
1.85,1.31,20.24,3.46,2.47,0.28,3.46,0.99,1.03,14.76,0
2.48,2.65,24.64,4.74,3.94,0.21,4.48,1.18,0.69,29.64,6
1.69,1.91,33.35,3.75,7.34,0.1,4.85,1.15,0.8,16.48,2
0.75,0.43,22.34,3.13,4.54,0.47,2.53,0.88,0.75,9.82,7
0.98,1.15,40,3.22,3.64,0.57,2.39,0.73,0.56,10.69,4
3.07,1.11,34.03,3.77,7.85,0.45,3.18,1.15,0.58,11.33,5
0.3,0.44,30.77,1.57,3.57,0.34,2.62,0.85,0.96,7.71,3
1.64,1.37,26.37,3.29,5.7,0.34,1.77,0.58,0.99,10.1,4
1.43,0.41,28.56,2.11,4.19,0.34,2.33,0.93,0.8,6.1,7
0.66,0.87,46.36,1.54,3.69,0.45,1.14,0.69,0.78,15.84,1
1.38,0.51,47.76,2.34,6.23,0.34,1.12,0.59,1.43,18.23,1
1.26,1.24,28.45,2.35,6.11,0.63,2,0.83,0.63,14.87,4
0.19,0.9,43.17,1.95,4.91,0.23,2.27,0.89,0.62,9.61,3
0.81,1.25,37.68,2.91,6.75,0.62,2.26,0.77,0.51,7.26,4
1.33,0.41,46.63,3.4,3.65,0.66,1.66,0.88,1,5.02,4
1.2,0.82,29.89,2.04,3.38,0.24,2.4,0.88,0.79,7.5,3
3.66,4.45,20.71,4.58,3.76,0.15,4.71,1.04,0.42,18.43,6
0.73,0.99,46.55,1.59,3.73,0.28,3.36,0.93,0.65,12.8,3
1.66,0.64,39.16,3.28,4.54,0.49,2.44,0.77,0.61,9.01,4
1.25,1.15,26.43,2.87,4.71,0.34,3.49,1.18,1.15,5.61,0
1.78,0.98,41,2.47,6.1,0.44,1.88,0.87,0.6,5.91,4
1.41,0.59,30.12,2.94,5.69,0.45,1.78,0.76,1.13,7.91,4
1.38,0.25,58.06,2.35,6.22,0.39,1.75,0.95,1.37,13.19,1
1.66,0.93,44.42,2.57,4.96,0.41,2.14,0.7,0.74,8.05,7
1.45,0.78,34.9,2.85,6.88,0.66,1.63,0.72,0.69,9.49,4
0.8,0.41,20.53,2.36,4.21,0.4,1.81,0.63,1.13,8.88,4
1.89,2.6,20.57,3.35,3.91,0.29,4.49,1.19,0.67,17.4,5
1.99,0.83,25.32,2.56,2.4,0.3,2.24,0.8,0.61,6.48,0
3.12,1.5,26.27,3.87,6.41,0.48,3.31,0.87,0.93,18.86,5
2.38,1.26,37.87,2.62,4.69,0.24,2.45,0.75,1.09,9.95,7
2.39,0.81,23.09,2.21,4.85,0.47,2.84,0.74,0.65,9.33,7
1.49,0.4,26.9,3.37,5.85,0.59,2.49,0.89,1.16,9,4
0.95,0.41,49.04,2.68,6.66,0.54,2.64,0.75,0.99,13.4,4
1.61,1.43,44.67,3.07,5.32,0.51,2.69,0.87,0.82,11.08,4
1.78,1.98,34.92,3.36,3.68,0.16,4.49,1.09,0.78,23.89,2
1.83,1.28,31.28,3.22,4.4,0.32,3.66,1.02,0.72,7.66,0
1.24,0.4,34.51,2.72,5.8,0.27,3.35,0.81,0.69,7.86,7
1.28,0.48,58.44,2.34,6.27,0.4,2.68,0.93,1.34,11.91,1
3.27,3.37,21.31,4.85,7.01,0.12,5.34,1.22,0.8,21.29,6
3.54,3.73,5.19,4.98,6.58,0.19,5.72,1.05,0.39,29.48,6
0.55,1.25,27.11,3.3,5.67,0.37,3.24,0.71,0.55,10.08,7
3.36,1.92,22.53,3.67,3.62,0.31,2.76,1.12,0.38,10.26,5
4.16,3.53,10.19,4.81,5.2,0.3,5.21,1.19,0.21,15.56,6
1.87,2.48,30.67,3.71,6.26,0.29,3.07,1,0.58,18.9,2
2.34,3.25,15.49,3.05,4.18,0.28,4.51,0.98,0.39,14.91,2
2.76,1.4,12.34,3.43,4.79,0.22,4.53,1.09,0.77,20.24,2
1.67,0.75,44.12,3.41,3.13,0.63,1.75,0.87,1.27,9.51,4
3.64,3.68,7.77,4.87,4.71,0.25,4.3,1,0.42,16.55,6
1.55,2.54,12.11,3.04,7.26,0.18,3.66,1.19,0.46,21.8,2
0.94,0.87,43.16,2.62,4.86,0.47,1.67,0.77,1.23,7.86,4
0.67,0.4,15.42,2.83,4.92,0.33,3.1,0.72,1.19,7.86,7
1.7,1.45,16.96,3.21,4.99,0.18,3.93,1.18,0.9,11.02,2
1.17,0.05,44.01,2.32,2.42,0.21,3.29,0.93,0.62,14.34,3
1.79,0.68,25.71,2.52,3.04,0.25,2.2,1.14,0.99,8.48,0
2.44,2.56,30.62,4.11,7.1,0.1,3.92,0.96,0.88,18.63,2
0.37,0.44,40.32,1.5,5.3,0.21,1.66,0.77,0.75,13.24,3
1.69,0.48,20.09,2.55,4.84,0.49,2.78,1.1,0.76,14.01,0
2.11,3.5,17.56,3.81,3.38,0.3,3.2,1.06,0.38,23.39,2
3.42,2.58,18.99,4.78,7.26,0.23,4.28,1.28,0.64,17.68,6
0.51,0.68,16.47,2.79,4.46,0.2,2.8,0.96,1.19,10.81,7
1.55,0.72,22.83,2.65,3.15,0.35,3.93,0.84,0.81,12.43,0
0.89,0.9,34.36,3.3,3.83,0.33,2.1,1.03,1.04,12.53,0
0.53,1.28,44.85,2.97,4.21,0.2,2.28,1.04,1.07,13.68,0
1.2,1.16,39.05,2.54,5.18,0.36,2.11,0.87,0.97,8.04,0
1.65,0.41,44.72,3.04,3.77,0.41,2.34,0.9,0.93,12.14,7
1.38,1.26,36.98,3.16,4.08,0.61,2.07,0.61,0.92,12.89,4
1.59,0.34,38.5,2.15,4.8,0.2,2.14,0.8,1.08,10.67,7
2.51,1.46,15.54,3.37,6.55,0.31,3.29,0.96,0.52,15.74,5
1.94,2.35,25.18,3.89,4.13,0.36,2.96,0.94,0.96,19.93,5
0.81,0.52,29.09,2.22,6.16,0.64,1.81,0.68,0.69,8.32,4
0.51,0.81,32.81,3.43,4.89,0.27,2.19,1.02,1,10.15,0
0.8,0.73,32.95,2.94,5.94,0.28,3.94,1.01,1.13,6.34,0
2,2.3,31.26,3.24,2.55,0.13,3.63,1.14,0.79,18.09,2
0.5,0.22,49.05,2.42,2.2,0.39,2.07,0.86,0.62,9.34,3
1.33,0.89,35.92,3.33,4.6,0.45,3.25,0.78,0.86,9.63,7
0.79,1.09,33.25,3.11,4.38,0.37,2.5,1.01,0.55,6.7,0
2.99,1.75,13.64,3.76,6.14,0.32,3.73,1.13,0.41,10.65,5
3.94,2.01,22.97,4.59,5.15,0.27,5.76,1.01,0.6,18.86,6
0.99,0.67,43.68,2.61,6.05,0.44,1.17,0.66,1.19,5.99,1
1.15,0.64,37.07,2.78,3.44,0.35,3.28,1.03,1.07,6.38,0
0.85,0.15,47.77,1.87,4.04,0.37,2.33,0.97,0.48,11.29,3
1.56,1.76,34.57,3.84,6.99,0.44,3.34,0.91,0.53,13.85,5
1.8,2.42,29.85,3.09,3,0.21,4.82,0.97,0.72,13.39,2
4.68,3.28,15.09,4.62,7.95,0.22,4.82,1.05,0.28,23.4,6
1.76,0.56,37.73,3.11,5.1,0.22,3.55,0.92,0.51,5.82,0
1.48,0.09,68.75,2.42,8.42,0.34,1.91,0.94,1.16,12.44,1
1.37,0.35,16.49,2.19,5.2,0.33,2.59,0.82,0.83,6.54,7
1.59,1.04,54.87,2.78,5.94,0.35,1.86,0.88,1.08,13.17,4
3.07,1.36,28.72,2.85,6.04,0.25,2.82,0.93,0.94,14.57,5
1.97,0.84,28.39,2.52,2.19,0.42,3.41,0.89,0.84,5.08,0
1.54,2.61,28.26,4.24,6.47,0.13,3.92,1.03,0.82,10.12,2
2.67,3.3,15.96,4.01,6.27,0.13,3.75,0.99,0.77,13.49,2
4.12,4.49,9.2,4.31,8.16,0.12,5.06,1.1,0.43,20.17,6
1.72,2.28,20.8,3.45,4.34,0.21,3.01,1.1,0.49,20.61,2
3.57,3.78,17.17,4.84,4.14,0.11,4.08,1.16,0.67,23.44,6
1.51,1.81,34.08,3.33,3.64,0.16,4.43,0.91,0.82,17.08,2
1.61,0.49,15.65,3.47,4.25,0.46,2.85,1.03,0.63,14.34,0
1.36,0.55,44.37,2.1,5.09,0.67,2.83,0.62,0.78,13.79,4
0.11,0.82,31.92,1.92,4.8,0.28,2.59,0.84,0.48,12.42,3
2.62,2.97,22.16,3.41,2.63,0.26,3.89,1.1,0.81,19.18,2
0.43,0.15,28.72,1.99,2.73,0.34,2.67,0.97,0.77,6.61,3
1.16,0.81,68.25,2.96,4.52,0.64,1.6,0.84,0.81,16.02,1
0.73,1.24,18.92,2.09,2.78,0.3,2.44,0.98,1.08,9.51,7
0.9,0.87,47.64,1.96,3.47,0.35,2.11,0.76,0.61,9.67,3
0.89,0.47,28.04,3.43,4.71,0.5,2.81,1.15,0.73,10.85,0
1.84,1.04,34.71,2.35,4.57,0.42,3.38,0.82,1,10.52,7
0.22,0.95,38.16,2.1,5.07,0.27,1.87,0.73,0.88,10.58,3
1.4,1.48,44.54,2.48,4.15,0.69,2.26,0.56,0.71,9.61,4
0.5,1.06,49.22,1.71,5.03,0.38,2.3,0.85,0.7,10.24,3
2.46,0.41,25.62,3.02,3.31,0.4,2.39,0.77,1.08,5.45,7
3.65,2.65,19.19,4.26,7.11,0.19,5.29,1.03,0.61,25.43,6
0.34,0.75,31.5,2.04,2.34,0.29,2.23,0.88,0.91,9.01,3
1.76,1.05,24.84,2.96,3.73,0.3,3.29,0.87,0.84,6.84,0
0.53,0.67,60.75,2.31,4.57,0.38,1.48,0.93,0.68,7.37,1
1.19,0.63,55.25,2.74,4.77,0.33,1.49,0.95,1.13,19.38,1
2.18,0.48,41.71,3.49,3.56,0.48,2.4,0.98,1.19,9.33,7
2.33,2.87,25.11,3.54,7.08,0.26,2.86,1.08,0.86,18.65,5
0.17,0.54,61.91,1.6,7.2,0.42,2.35,0.83,0.98,7.56,1
1.52,0.55,48.85,3.26,3.18,0.66,2.63,0.65,1.28,6.72,4
2.76,1.32,27.22,4.03,6.92,0.25,3.6,0.98,0.83,11.44,2
2.55,3.32,10.29,3.33,7.13,0.23,3.68,1.18,0.64,16.41,2
2.02,2.9,11.52,4.39,2.97,0.17,4.21,0.93,0.65,20.22,2
1.48,0.55,45.81,2.86,5.61,0.63,1.46,0.64,0.72,14.47,1
1.01,0.93,16.37,3.01,3.96,0.29,2.78,0.76,0.68,7.86,7
1.78,2.38,18.01,3.18,6.54,0.23,3.32,1.16,0.46,10.43,2
3.49,2.79,27.61,2.56,7.5,0.22,3.37,1.07,0.73,15.74,5
1.69,1.08,47.63,2.34,3.51,0.58,2.84,0.86,0.86,14.66,4
3.74,4.08,12.9,4.29,7.82,0.17,4.99,1.03,0.23,22.27,6
3.26,2,13.75,4.66,4.31,0.24,4.72,1.13,0.61,16.29,6
1.23,0.78,16.17,3.06,4.02,0.37,3.64,1.06,0.81,9.75,0
3.38,1.97,13.76,3.15,4.76,0.46,3.01,0.84,0.8,10.4,5
1.99,1.09,10.84,4.39,6.5,0.24,3.63,0.94,0.51,24.96,2
0.56,0.64,57.2,2.7,8.62,0.36,2.54,0.72,0.89,10.46,1
0.6,0.21,42.2,2.72,7.52,0.33,1.09,0.7,0.86,6.75,1
3.17,1.05,19.06,3.32,6.81,0.23,4.38,1.1,0.54,19.58,5
0.46,0.87,45.74,2.3,3.17,0.29,3.08,0.92,0.76,14.43,3
1.59,0.48,53.41,3.16,6.15,0.53,1.65,0.84,1.24,11.47,4
2.33,1.51,18.51,4.4,6.38,0.13,4.74,1.18,0.59,10.37,2
1.42,0.53,34.02,3.18,5.39,0.33,3.07,0.88,0.74,7.78,7
0.19,0.68,47.84,2.29,2.19,0.36,3.48,0.86,0.44,14.52,3
2.47,0.43,30.89,3.41,4.82,0.39,2.89,0.81,0.8,12.06,7
1.49,1.03,17.02,2.7,2.78,0.42,2.54,0.79,0.55,6.67,7
2.82,2,18.33,2.62,3.39,0.39,3.28,0.88,0.39,12.05,5
0.72,0.63,33.75,1.99,4.42,0.24,2.02,0.9,0.49,11.34,3
0.82,0.97,46.22,1.52,4.36,0.22,2.66,0.84,0.47,8.74,3
2.27,2.42,16.7,3.98,5.28,0.21,3.76,1.05,0.52,20.23,2
2.73,1.89,11.45,4.12,5.38,0.21,4.08,1.15,0.83,19.65,2
0.78,0.97,61.45,1.53,5.76,0.39,1.14,0.75,0.88,16.88,1
2.22,2.83,14.62,3.97,3.78,0.36,3.07,0.96,0.47,11.39,5
1.81,1.21,17.13,2.87,2.71,0.38,2.79,0.84,0.89,9.39,7
1.23,1.21,32.55,3.41,5.79,0.24,2.08,0.97,0.56,14.84,0
2.65,1.92,27.73,3.13,7.47,0.43,3.05,0.94,0.96,10.01,5
3.75,4.18,19.52,4.45,5.58,0.2,5.5,1.01,0.31,20.14,6
0.98,0.98,38.79,2.92,4.98,0.2,2.81,0.84,0.66,14.29,7
1.6,1.37,31.78,3.48,5.12,0.41,3.27,1.01,1.19,12,0
1.6,3.23,11.67,3.03,3.09,0.21,4.49,1.19,0.34,19.33,2
2.16,1.8,12.03,2.77,3.04,0.36,3.32,1.13,0.79,10.83,5
2.51,2.51,11.06,2.76,4.24,0.36,3.59,1.13,0.9,13.51,5
0.26,0.2,48.34,1.61,5.99,0.69,1.08,0.76,0.63,5.25,1
4.77,1.6,8.66,4.92,6.21,0.22,4.09,1.16,0.69,18.8,6
2.88,3.04,7.88,4.42,6.87,0.28,4.88,1.05,0.61,18.49,6
1.14,0.58,44.63,2.25,6.47,0.35,2.58,0.9,0.85,16.98,1
0.47,0.68,41.41,2.45,3.82,0.27,2.91,0.96,0.97,6.84,3
4.95,4.49,16.74,4.03,4.45,0.22,4.52,1.25,0.23,28.44,6
1.14,0.33,28.63,2.41,4.88,0.67,1.95,0.56,0.91,10.22,4
1.35,0.28,61.4,1.78,4.81,0.5,1.39,0.83,1.21,13.48,1
2.14,3.28,32.72,3.01,4.45,0.18,4.46,1.06,0.7,14.32,2
1.57,1.44,47.56,2.86,4.25,0.48,1.91,0.77,0.58,9.41,4
0.26,0.09,27.87,2.22,2.5,0.39,3.15,1,0.81,10.93,3
3.46,2.19,26.98,3.37,5.76,0.21,3.23,0.93,0.51,14.52,5
1.97,3.21,26.65,3.59,4.95,0.16,3.12,0.91,0.89,21.28,2
2.29,0.5,27.32,2.04,4.17,0.23,3.21,0.97,0.81,9.45,7
1.62,1.16,32.62,3.2,4.88,0.45,2.44,1.1,0.97,6.52,0
2.54,2.27,21.53,4.67,4.16,0.19,5.07,1.1,0.44,15.91,6
3.87,2.06,24.4,4.73,4.11,0.12,4.91,1.14,0.7,18.46,6
2.45,2.69,29.43,3.23,3.5,0.25,3.91,1.16,0.54,11.7,5
0.51,1.1,30.99,3.12,3.29,0.31,2.08,0.71,0.93,6.58,4
2.49,1.25,16.73,3.34,3.48,0.31,2.8,0.92,1.02,12.49,7
1.3,0.81,32.77,2.67,3.58,0.31,2.97,0.97,1.02,7.42,0
4.13,3.26,9.39,4.05,5.84,0.2,5.68,1.01,0.72,26.4,6
0.3,0.37,51.32,2.99,4.15,0.62,1.42,0.95,1.42,15.27,1
2.32,1.3,19.67,2.58,5.58,0.28,3.53,0.88,0.55,15.92,5
1.8,0.95,29.97,3.08,3.88,0.22,2.96,1.09,1.03,14.35,0
0.97,0.22,68.6,2.48,5.56,0.69,1.84,0.84,1.11,16.53,1
1.56,1.38,35.5,3.04,3,0.21,3.12,1.14,0.86,9.33,0
0.9,0.52,23.82,2.54,4.67,0.38,1.56,0.88,1.19,5.32,4
0.74,0.61,34.72,2.11,3.91,0.25,3.19,0.84,0.88,6.42,3
1.38,0.88,27.23,2.51,4.6,0.22,2.76,1.1,1.18,10.04,0
3.25,2.83,29.25,3.05,3.98,0.26,2.91,0.95,0.32,18.98,5
1.14,0.75,52.78,2.38,3.72,0.68,1.55,0.73,0.8,8.3,4
2.1,0.66,16.2,3,4.39,0.42,3.11,0.77,0.7,13.01,7
1.63,0.51,18.32,3.02,4.7,0.2,2.82,0.99,1.08,9.34,0
0.61,0.4,49.35,2.43,6.51,0.31,2.13,0.7,1.2,11.79,1
1.35,0.68,30.18,2.81,5.06,0.35,2.43,1.16,1.03,9.99,0
1.13,0.22,43.75,1.69,4.8,0.29,2.32,0.82,0.5,7.54,3
0.6,1.44,32.13,3.2,3.18,0.6,2.76,0.59,1.05,13.65,4
0.4,0.81,34.44,1.97,5.01,0.23,3.17,0.85,0.93,13.85,3
0.77,0.71,36.23,2,3.92,0.35,1.72,0.71,0.94,10.33,3
2.97,1.73,6.98,4.9,4.87,0.17,4.68,1.27,0.26,22.15,6
1.39,0.15,69.22,2.44,5.03,0.57,1.7,0.57,0.93,13.13,1
0.1,0.21,55.52,2.44,5.88,0.33,1.36,0.96,1.05,12.57,1
0.52,0.67,30.75,3.42,4.66,0.35,3.61,0.94,0.81,12.49,0
0.72,0.44,30.84,2.2,5.31,0.34,1.64,0.87,0.49,13.12,3
0.3,0.71,43.76,2,3.19,0.26,2.95,0.8,0.81,14.2,3
1.32,1.06,39.32,1.83,7.24,0.55,1.8,0.6,1.04,18.64,1
1.4,0.73,23.52,3.05,3.05,0.42,3.16,0.76,0.91,12.5,7
0.84,1.39,20.9,2.96,5.12,0.23,2.51,0.97,0.59,11.88,0
1.08,0,53.73,1.88,8.56,0.56,1.95,0.67,0.65,6.84,1
1.59,0.62,40.79,3.29,6.11,0.33,2.96,0.66,1.12,5.55,4
0.75,0.83,26.3,3.11,4.56,0.36,1.99,0.66,0.58,9.24,4
1.28,1.37,41.44,2.21,6.94,0.68,2.99,0.52,0.64,8.16,4
1.13,0.66,41.92,1.59,5.07,0.29,2.95,0.85,0.69,13.98,3
3.99,1.57,22.15,4.75,7.23,0.25,4.98,1.2,0.2,19.96,6
4.09,3.58,20.22,4.9,4.7,0.3,4.91,1.17,0.37,22.43,6
1.53,1.66,13.63,3.07,5.87,0.3,4.13,0.98,0.69,11.88,5
1.83,1.89,13.49,2.7,5.78,0.22,2.56,0.89,0.7,17.49,5
1.37,1.44,38,3.34,2.65,0.35,2.52,0.95,0.92,7.21,0
0.78,1.01,51.3,2.33,4.62,0.5,1.66,0.76,0.61,13.3,4
2.35,2.94,18.62,3.61,7.46,0.22,3.3,1.1,0.61,16.35,5
0.68,0.62,39.76,2.73,2.7,0.3,2.27,0.91,0.75,12.9,7
0.56,1.04,30.43,1.63,3.12,0.39,2.53,0.93,0.61,14.81,3
2.47,3.18,5.26,4.64,6.88,0.11,4.5,1.24,0.36,24.95,6
1.9,1.38,36.18,3.05,2.83,0.33,3.55,1.13,0.88,14.78,0
2.93,1.44,15.11,3.14,4.09,0.25,3.87,0.95,0.69,21.59,2
2.31,1.88,15.28,3.63,7.44,0.37,3.33,1.13,0.37,13.32,5
1.08,0.32,46.37,1.89,3.27,0.33,2.96,0.87,0.63,12.08,3
1.09,0.44,31.56,1.66,3.15,0.32,2.77,0.93,0.62,13.98,3
2.88,3.89,8.26,4.53,5.12,0.19,5.81,1.08,0.62,15.25,6
3.05,2.17,32.17,3.03,3.03,0.2,3.96,0.85,0.99,19.66,5
1.67,0.53,34.82,3.47,5.32,0.44,3.64,0.81,1.15,5.59,0
2.2,2.9,30.06,4.21,7,0.15,3.45,0.92,0.8,18.74,2
0.7,0.11,32.02,1.84,3.7,0.35,1.71,0.74,0.98,13.3,3
2.67,2.89,23.96,4.47,6.17,0.2,4.25,1.16,0.41,17.61,6
0.68,0.31,27.16,1.55,3.14,0.37,1.74,0.96,0.91,14.86,3
0.35,0.12,47.21,1.72,5.15,0.33,2.56,0.72,0.87,5.8,3
2.44,2.21,18.81,4.97,8.03,0.29,5.8,1.02,0.55,17.52,6
0.22,1.15,35.48,1.68,5.45,0.54,2.44,0.98,1.47,16.48,1
1.41,1.21,30.95,2.14,3.89,0.47,1.89,0.67,0.66,12.47,4
1.23,1.44,25.67,2.67,4.82,0.5,2.62,0.82,1.17,12.68,0
0.81,0.38,58.25,2.84,4.71,0.31,1.96,0.85,1.48,11.78,1
1.96,3.19,24.11,3.76,6.62,0.11,4.85,1.2,0.73,20.21,2
0.81,0.36,30.79,1.72,2.03,0.31,3.21,0.9,0.49,6.62,3
2.27,1.67,11.43,3.39,4.44,0.49,3.85,1.18,1,15.5,5
2.43,1.6,19.71,4.18,7.37,0.12,4.57,1.06,0.47,11.62,2
0.33,1,43.14,2.36,2.14,0.36,3.05,0.9,0.62,11.69,3
0.84,0.51,27.9,3.02,5.98,0.38,3.21,0.83,0.51,5.68,0
3.39,2.29,13.72,2.84,5.34,0.28,3.95,1.06,0.48,16.96,5
0.94,1.34,53.56,3.24,4.24,0.4,1.81,0.52,1.13,9.44,4
0.98,1.13,23.88,2.4,5.56,0.35,2.28,0.67,0.77,7.35,4
3.04,2.43,34.93,2.72,3.5,0.45,2.74,0.95,0.92,15.91,5
0.91,0.46,37.48,1.54,2.2,0.32,1.78,0.72,0.61,14.9,3
2.5,2.8,25.26,3.51,5.95,0.32,3.61,1.16,0.89,11.05,5
1.18,0.9,24.18,3.43,4.42,0.37,2.66,0.92,0.93,14.58,7
2.82,1.35,30.31,3.35,2.61,0.24,3.83,1.16,0.44,16.29,2
3.93,2.4,24.69,4.24,5.37,0.29,5.15,1.07,0.49,20.95,6
1.82,1.29,44.3,2.72,5.73,0.28,3.5,0.72,1.1,9.25,7
3.29,2.82,21.57,3.64,4.74,0.48,3.41,1.01,0.53,11.25,5
2.28,2.49,30.75,3.22,6.03,0.17,4.28,1.17,0.43,20.1,2
1.35,0.46,32.45,2.3,3.44,0.4,2.79,0.93,0.52,7.4,7
1.43,0.38,38.23,3.28,3.81,0.54,1.86,0.67,1.2,13.03,4
0.69,1.17,32.54,2.15,6.6,0.33,1.95,0.87,1.25,7.77,4
0.71,0.44,46.28,2.36,8.82,0.45,1.93,0.83,0.68,7.87,1
1.01,1.11,66.7,1.82,8.22,0.56,1.9,0.56,0.99,17.63,1
0.73,1.14,37.26,2.67,3.02,0.37,2.09,0.8,1.1,13,0
1.02,0.3,56.38,2.54,5.09,0.4,2.47,0.64,1.4,12.41,1
2.09,1.37,26.21,3.72,3.02,0.29,2.61,1.04,0.96,17.85,5
0.69,1.1,35.22,2.53,4.5,0.45,1.7,0.74,1.46,15.36,1
1,0.35,68.59,2.37,5.42,0.39,2.81,1,0.84,9.93,1
0.46,0.25,46.71,2.85,4.74,0.64,1.09,0.68,1.11,10.45,1
3.05,2.01,27.91,2.74,5.15,0.36,3.46,1.08,0.57,17.27,5
1.57,1.45,54.04,2.45,6.65,0.67,2.95,0.64,0.69,13.96,4
1.78,1.27,43.55,2.71,3.71,0.24,3.04,0.92,1.13,6.64,0
1.78,0.56,43.26,2.89,2.6,0.36,3.34,1.13,0.78,14.14,0
1.43,1.07,25.84,2.88,3.81,0.29,3.45,1.17,0.71,7.79,0
2.51,1.14,14.87,3.31,4.25,0.28,4.91,1.07,0.54,21.13,2
3.31,2.57,15.7,2.52,3.42,0.31,4.21,0.82,0.88,12.89,5
0.91,1.43,43.65,2.03,4.51,0.62,2.43,0.56,1.1,8.21,4
2.85,1.95,33.44,3.33,4.65,0.12,4.83,1.04,0.34,12.8,2
2.97,2.99,21.33,4.18,7.08,0.12,6,1.13,0.39,29.16,6
0.84,0.77,26.67,1.65,5.17,0.36,3.2,0.94,0.81,10.95,3
2.8,3.07,34.5,4.41,3.39,0.16,4.94,1.13,0.72,18.54,2
1.56,1.1,25.1,3.91,4.26,0.31,3.9,0.82,0.57,11.84,5
4.49,4.21,7.11,4.02,6.69,0.29,4.64,1.17,0.54,27.01,6
3.31,2.4,19.28,4.47,8.56,0.27,4.27,1.24,0.68,16.27,6
3.44,2.28,18.17,3.86,7.24,0.4,3.74,0.97,0.54,13.81,5
